{
    "meshes": [
        {
            "name": "Arm",
            "id": "9dd191a9-7346-4584-bc97-c2bc1ce2aef6",
            "uniqueId": 1775319569381,
            "type": "Mesh",
            "position": [
                -16.187297943491032,
                91.41232809202197,
                -11.949517856880561
            ],
            "rotation": [
                0,
                0,
                0.18257419093816282
            ],
            "scaling": [
                0.9999999999999832,
                0.9999999999999832,
                1
            ],
            "localMatrix": [
                1,
                0,
                0,
                0,
                0,
                1,
                0,
                0,
                0,
                0,
                1,
                0,
                0,
                0,
                0,
                1
            ],
            "isEnabled": true,
            "isVisible": true,
            "infiniteDistance": false,
            "pickable": true,
            "receiveShadows": true,
            "billboardMode": 0,
            "visibility": 1,
            "alwaysSelectAsActiveMesh": false,
            "checkCollisions": false,
            "ellipsoid": [
                0.5,
                1,
                0.5
            ],
            "ellipsoidOffset": [
                0,
                0,
                0
            ],
            "doNotSyncBoundingInfo": false,
            "isBlocker": false,
            "sideOrientation": 1,
            "isUnIndexed": false,
            "geometryUniqueId": 1775319569382,
            "geometryId": "c108e118-ba4b-46b6-8fcf-c4d1145e2006",
            "subMeshes": null,
            "materialId": "default material",
            "metadata": {
                "type": "Box",
                "width": 44.499999999999964,
                "depth": -5.000000000000017,
                "height": 239.29999999999995,
                "sideOrientation": 0,
                "parentId": 1775319382758
            },
            "instances": [
                {
                    "name": "Arm",
                    "id": "8e5c85db-852a-4e58-b534-5bc231965e3e",
                    "isEnabled": true,
                    "isVisible": true,
                    "isPickable": true,
                    "checkCollisions": false,
                    "position": [
                        4.014566457044566e-13,
                        92.55805431283306,
                        -11.949517856870898
                    ],
                    "scaling": [
                        1.0000000000000187,
                        0.9999999999999999,
                        1.0000000000000138
                    ],
                    "parentInstanceIndex": 0,
                    "rotation": [
                        9.367723249499452e-31,
                        6.1441278809976e-48,
                        -5.232259532353421e-32
                    ],
                    "metadata": {
                        "parentId": 1775319735817
                    },
                    "animations": [],
                    "ranges": [],
                    "uniqueId": 1775319735818
                }
            ],
            "animations": [],
            "ranges": [],
            "layerMask": 268435455,
            "alphaIndex": 1.7976931348623157e+308,
            "hasVertexAlpha": false,
            "overlayAlpha": 0,
            "overlayColor": [
                0,
                0,
                0
            ],
            "renderOverlay": false,
            "applyFog": true,
            "delayLoadingFile": "assets/example.scene/geometries/c108e118-ba4b-46b6-8fcf-c4d1145e2006.babylonbinarymeshdata",
            "boundingBoxMaximum": [
                22.25,
                119.6500015258789,
                2.5
            ],
            "boundingBoxMinimum": [
                -22.25,
                -119.6500015258789,
                -2.5
            ],
            "_binaryInfo": {
                "positionsAttrDesc": {
                    "count": 72,
                    "stride": 3,
                    "offset": 0,
                    "dataType": 1
                },
                "normalsAttrDesc": {
                    "count": 72,
                    "stride": 3,
                    "offset": 288,
                    "dataType": 1
                },
                "uvsAttrDesc": {
                    "count": 48,
                    "stride": 2,
                    "offset": 576,
                    "dataType": 1
                },
                "indicesAttrDesc": {
                    "count": 36,
                    "stride": 1,
                    "offset": 768,
                    "dataType": 0
                },
                "subMeshesAttrDesc": {
                    "count": 1,
                    "stride": 5,
                    "offset": 912,
                    "dataType": 0
                }
            },
            "positions": null,
            "normals": null,
            "uvs": null,
            "hasUVs": true,
            "indices": null
        }
    ],
    "transformNodes": [],
    "cameras": [],
    "lights": [],
    "materials": [],
    "geometries": {
        "boxes": [],
        "spheres": [],
        "cylinders": [],
        "toruses": [],
        "grounds": [],
        "planes": [],
        "torusKnots": [],
        "vertexData": []
    },
    "metadata": {
        "type": "Box",
        "width": 44.499999999999964,
        "depth": -5.000000000000017,
        "height": 239.29999999999995,
        "sideOrientation": 0,
        "parentId": 1775319382758
    },
    "basePoseMatrix": [
        1,
        0,
        0,
        0,
        0,
        1,
        0,
        0,
        0,
        0,
        1,
        0,
        0,
        0,
        0,
        1
    ]
}
